index,course_code,course_name,outgoing_edges,outgoing_edge_codes,outgoing_edge_names,edge_direction
0,01:198:111,INTRO COMPUTER SCI,,,,course -> prerequisite
1,01:640:151,CALCULUS I FOR MATHEMATICAL AND PHYSICALSCIENCES,47,01:640:115,PRECALCULUS COLLEGE MATHEMATICS,course -> prerequisite
2,01:198:112,DATA STRUCTURES,0 49 1,01:198:111 01:640:135 01:640:151,INTRO COMPUTER SCI | CALCULUS I FOR THE LIFE AND SOCIAL SCIENCES | CALCULUS I FOR MATHEMATICAL AND PHYSICALSCIENCES,course -> prerequisite
3,01:198:205,INTRODUCTION TO DISCRETE STRUCTURES I,0,01:198:111,INTRO COMPUTER SCI,course -> prerequisite
4,01:198:211,COMPUTER ARCHITECTURE,2,01:198:112,DATA STRUCTURES,course -> prerequisite
5,01:640:152,CALCULUS II FOR MATHEMATICAL AND PHYSICAL SCIENCES,1,01:640:151,CALCULUS I FOR MATHEMATICAL AND PHYSICALSCIENCES,course -> prerequisite
6,01:640:250,INTRO LINEAR ALGEBRA,5,01:640:152,CALCULUS II FOR MATHEMATICAL AND PHYSICAL SCIENCES,course -> prerequisite
7,01:640:251,MULTIVARIABLE CALCULUS,5,01:640:152,CALCULUS II FOR MATHEMATICAL AND PHYSICAL SCIENCES,course -> prerequisite
8,01:640:252,ELEMENTARY DIFFERENTIAL EQUATIONS,5,01:640:152,CALCULUS II FOR MATHEMATICAL AND PHYSICAL SCIENCES,course -> prerequisite
9,01:640:300,INTRO MATH REASONING,6,01:640:250,INTRO LINEAR ALGEBRA,course -> prerequisite
10,01:198:104,GREAT IDEAS IN COMPUTER SCIENCE,,,,course -> prerequisite
11,01:198:107,COMPUTING FOR MATH AND THE SCIENCES,,,,course -> prerequisite
12,01:198:110,PRINCIPLES OF COMPUTER SCIENCE,,,,course -> prerequisite
13,01:198:142,DATA 101,,,,course -> prerequisite
14,01:198:170,COMPUTER APPLICATIONS FOR BUSINESS,,,,course -> prerequisite
15,01:198:206,INTRODUCTION TO DISCRETE STRUCTURES II,3,01:198:205,INTRODUCTION TO DISCRETE STRUCTURES I,course -> prerequisite
16,01:198:210,DATA MANAGEMENT FOR DATA SCIENCE,0,01:198:111,INTRO COMPUTER SCI,course -> prerequisite
17,01:198:213,SOFTWARE METHODOLOGY,2,01:198:112,DATA STRUCTURES,course -> prerequisite
18,01:198:214,SYSTEMS PROGRAMMING,4,01:198:211,COMPUTER ARCHITECTURE,course -> prerequisite
19,01:198:314,PRINCIPLES OF PROGRAMMING LANGUAGES,4 3,01:198:211 01:198:205,COMPUTER ARCHITECTURE | INTRODUCTION TO DISCRETE STRUCTURES I,course -> prerequisite
20,01:198:323,NUMER ANAL COMPUTING,2 6,01:198:112 01:640:250,DATA STRUCTURES | INTRO LINEAR ALGEBRA,course -> prerequisite
21,01:198:334,INTRODUCTION TO IMAGING AND MULTIMEDIA,2,01:198:112,DATA STRUCTURES,course -> prerequisite
22,01:198:336,PRINCIPLES OF INFORMATION AND DATA MANAGEMENT,2,01:198:112,DATA STRUCTURES,course -> prerequisite
23,01:198:344,DESIGN AND ANALYSIS OF COMPUTER ALGORITHMS,2 3,01:198:112 01:198:205,DATA STRUCTURES | INTRODUCTION TO DISCRETE STRUCTURES I,course -> prerequisite
24,01:198:345,ALGORITHMS IN SOCIETY,2 3,01:198:112 01:198:205,DATA STRUCTURES | INTRODUCTION TO DISCRETE STRUCTURES I,course -> prerequisite
25,01:198:352,INTERNET TECHNOLOGY,2,01:198:112,DATA STRUCTURES,course -> prerequisite
26,01:198:405,SEM COMPUTER & SOCIETY,,,,course -> prerequisite
27,01:198:416,OPERATING SYSTEMS DESIGN,18,01:198:214,SYSTEMS PROGRAMMING,course -> prerequisite
28,01:198:419,COMPUTER SECURITY,18 3,01:198:214 01:198:205,SYSTEMS PROGRAMMING | INTRODUCTION TO DISCRETE STRUCTURES I,course -> prerequisite
29,01:198:425,BRAIN-INSPIRED COMPUTING,2 6,01:198:112 01:640:250,DATA STRUCTURES | INTRO LINEAR ALGEBRA,course -> prerequisite
30,01:198:428,INTRODUCTION TO COMPUTER GRAPHICS,2 6,01:198:112 01:640:250,DATA STRUCTURES | INTRO LINEAR ALGEBRA,course -> prerequisite
31,01:198:437,DATABASE SYSTEMS IMPLEMENTATION,22,01:198:336,PRINCIPLES OF INFORMATION AND DATA MANAGEMENT,course -> prerequisite
32,01:198:439,INTRODUCTION TO DATA SCIENCE,2 6,01:198:112 01:640:250,DATA STRUCTURES | INTRO LINEAR ALGEBRA,course -> prerequisite
33,01:198:440,INTRODUCTION TO ARTIFICIAL INTELLIGENCE,2 3,01:198:112 01:198:205,DATA STRUCTURES | INTRODUCTION TO DISCRETE STRUCTURES I,course -> prerequisite
34,01:198:460,INTRODUCTION TO COMPUTATIONAL ROBOTICS,2 6 7,01:198:112 01:640:250 01:640:251,DATA STRUCTURES | INTRO LINEAR ALGEBRA | MULTIVARIABLE CALCULUS,course -> prerequisite
35,01:198:461,MACHINE LEARNING PRINCIPLES,2 6 7,01:198:112 01:640:250 01:640:251,DATA STRUCTURES | INTRO LINEAR ALGEBRA | MULTIVARIABLE CALCULUS,course -> prerequisite
36,01:198:462,INTRODUCTION TO DEEP LEARNING,35,01:198:461,MACHINE LEARNING PRINCIPLES,course -> prerequisite
37,01:198:493,INDEPENDENT STUDY IN COMPUTER SCIENCE,,,,course -> prerequisite
38,01:640:001,COMPUTATIONAL SKILLS,,,,course -> prerequisite
39,01:640:025,ELEMENTARY ALGEBRA,,,,course -> prerequisite
40,01:640:026,INTERMEDIATE ALGEBRA,39,01:640:025,ELEMENTARY ALGEBRA,course -> prerequisite
41,01:640:103,TOPICS IN MATHEMATICS FOR THE LIBERAL ARTS,,,,course -> prerequisite
42,01:640:104,INTRODUCTION TO PROBABILITY,,,,course -> prerequisite
43,01:640:106,MATHEMATICS OF MONEY,,,,course -> prerequisite
44,01:640:107,NUMBER AND OPERATION FOR K-8 TEACHING,,,,course -> prerequisite
45,01:640:111,PRECALCULUS PART I,,,,course -> prerequisite
46,01:640:112,PRECALCULUS PART II,45,01:640:111,PRECALCULUS PART I,course -> prerequisite
47,01:640:115,PRECALCULUS COLLEGE MATHEMATICS,46,01:640:112,PRECALCULUS PART II,course -> prerequisite
48,01:640:130,BUSINESS CALCULUS,47,01:640:115,PRECALCULUS COLLEGE MATHEMATICS,course -> prerequisite
49,01:640:135,CALCULUS I FOR THE LIFE AND SOCIAL SCIENCES,47,01:640:115,PRECALCULUS COLLEGE MATHEMATICS,course -> prerequisite
50,01:640:244,DIFFERENTIAL EQUATIONS FOR ENGINEERING  AND PHYSICS,5,01:640:152,CALCULUS II FOR MATHEMATICAL AND PHYSICAL SCIENCES,course -> prerequisite
51,01:640:285,INTRODUCTION TO INTEREST THEORY FOR ACTUARIAL SCIENCE,49 1,01:640:135 01:640:151,CALCULUS I FOR THE LIFE AND SOCIAL SCIENCES | CALCULUS I FOR MATHEMATICAL AND PHYSICALSCIENCES,course -> prerequisite
52,01:640:291,HONORS CALCULUS III,5,01:640:152,CALCULUS II FOR MATHEMATICAL AND PHYSICAL SCIENCES,course -> prerequisite
53,01:640:311,INTRODUCTION TO REAL ANALYSIS I,9 7,01:640:300 01:640:251,INTRO MATH REASONING | MULTIVARIABLE CALCULUS,course -> prerequisite
54,01:640:321,INTRO APPLIED MATH,7 8,01:640:251 01:640:252,MULTIVARIABLE CALCULUS | ELEMENTARY DIFFERENTIAL EQUATIONS,course -> prerequisite
55,01:640:325,FOUNDATIONS OF QUANTUM MECHANICS,6 7,01:640:250 01:640:251,INTRO LINEAR ALGEBRA | MULTIVARIABLE CALCULUS,course -> prerequisite
56,01:640:336,DYNAM MODELS BIO,5,01:640:152,CALCULUS II FOR MATHEMATICAL AND PHYSICAL SCIENCES,course -> prerequisite
57,01:640:350,LINEAR ALGEBRA,6,01:640:250,INTRO LINEAR ALGEBRA,course -> prerequisite
58,01:640:351,INTRODUCTION TO ABSTRACT ALGEBRA I,9,01:640:300,INTRO MATH REASONING,course -> prerequisite
59,01:640:354,LINEAR OPTIMIZATION,6,01:640:250,INTRO LINEAR ALGEBRA,course -> prerequisite
60,01:640:361,SET THEORY,9,01:640:300,INTRO MATH REASONING,course -> prerequisite
61,01:640:373,NUMERICAL ANALYSIS I,6 8 0,01:640:250 01:640:252 01:198:111,INTRO LINEAR ALGEBRA | ELEMENTARY DIFFERENTIAL EQUATIONS | INTRO COMPUTER SCI,course -> prerequisite
62,01:640:411,MATH ANALYSIS I,53,01:640:311,INTRODUCTION TO REAL ANALYSIS I,course -> prerequisite
63,01:640:421,ADVANCED CALCULUS FOR ENGINEERING,7 8,01:640:251 01:640:252,MULTIVARIABLE CALCULUS | ELEMENTARY DIFFERENTIAL EQUATIONS,course -> prerequisite
64,01:640:423,ELEM PRTL DIFF EQTNS,7 8,01:640:251 01:640:252,MULTIVARIABLE CALCULUS | ELEMENTARY DIFFERENTIAL EQUATIONS,course -> prerequisite
65,01:640:428,GRAPH THEORY,9,01:640:300,INTRO MATH REASONING,course -> prerequisite
66,01:640:435,GEOMETRY,9,01:640:300,INTRO MATH REASONING,course -> prerequisite
67,01:640:441,INTRO TOPOLOGY I,53,01:640:311,INTRODUCTION TO REAL ANALYSIS I,course -> prerequisite
68,01:640:451,ABSTRACT ALGEBRA I,58,01:640:351,INTRODUCTION TO ABSTRACT ALGEBRA I,course -> prerequisite
69,01:640:454,COMBINATORIAL THEORY,9,01:640:300,INTRO MATH REASONING,course -> prerequisite
70,01:640:477,MATHEMATICAL THEORY OF PROBABILITY,7 9,01:640:251 01:640:300,MULTIVARIABLE CALCULUS | INTRO MATH REASONING,course -> prerequisite
71,01:640:478,INTRODUCTION TO STOCHASTIC PROCESSES,70,01:640:477,MATHEMATICAL THEORY OF PROBABILITY,course -> prerequisite
72,01:640:481,MATH THEORY STAT,70,01:640:477,MATHEMATICAL THEORY OF PROBABILITY,course -> prerequisite
73,01:640:485,INTRO MATH FINANCE,70,01:640:477,MATHEMATICAL THEORY OF PROBABILITY,course -> prerequisite
74,01:640:486,MATHEMATICS OF LIFE CONTINGENT RISK MODELS I,51,01:640:285,INTRODUCTION TO INTEREST THEORY FOR ACTUARIAL SCIENCE,course -> prerequisite
75,01:640:491,UNDERGRADUATE MATHEMATICS SEMINAR,9,01:640:300,INTRO MATH REASONING,course -> prerequisite
76,01:640:493,INDIVIDUAL STUDY IN MATHEMATICS,,,,course -> prerequisite
77,01:640:494,INDEP STUDY IN MATH,,,,course -> prerequisite
78,01:640:495,SEL TOPICS IN MATH,,,,course -> prerequisite
79,01:640:496,RESEARCH IN MATH,,,,course -> prerequisite
80,01:640:497,HONORS IN MATH,,,,course -> prerequisite
